<?xml version="1.0" encoding="UTF-8"?>
<project-private xmlns="http://www.netbeans.org/ns/project-private/1">
    <editor-bookmarks xmlns="http://www.netbeans.org/ns/editor-bookmarks/2" lastBookmarkId="0"/>
    <open-files xmlns="http://www.netbeans.org/ns/projectui-open-files/2">
        <group>
            <file>file:/home/edroaldo/NetBeansProjects/Flow/src/flow/Flow.java</file>
            <file>file:/home/edroaldo/NetBeansProjects/Flow/src/flow/NetworkFlow.java</file>
            <file>file:/home/edroaldo/NetBeansProjects/Flow/src/flow/RJava.java</file>
            <file>file:/home/edroaldo/NetBeansProjects/Flow/src/flow/InputOutput.java</file>
            <file>file:/home/edroaldo/NetBeansProjects/Flow/src/flow/FlowUtils.java</file>
            <file>file:/home/edroaldo/NetBeansProjects/Flow/src/flow/Edge.java</file>
        </group>
    </open-files>
</project-private>
